<metadata xml:lang="en">
	<Esri>
		<CreaDate>20170711</CreaDate>
		<CreaTime>19312500</CreaTime>
		<ArcGISFormat>1.0</ArcGISFormat>
		<SyncOnce>FALSE</SyncOnce>
		<DataProperties>
			<lineage>
				<Process ToolSource="c:\program files (x86)\arcgis\desktop10.2\ArcToolbox\Toolboxes\Data Management Tools.tbx\Copy" Date="20170711" Time="193125">Copy \\store1\gis\core\mis\projects\NPC\templates.gdb\template_npc_derived_natural D:\data\gis\scratch\drivers\biota_dnr_native_plant_comm\biota_dnr_native_plant_comm.gdb\dnr_native_plant_communities FeatureClass</Process>
				<Process ToolSource="c:\program files (x86)\arcgis\desktop10.2\ArcToolbox\Toolboxes\Data Management Tools.tbx\Append" Date="20170711" Time="195353">Append D:\data\gis\scratch\drivers\biota_dnr_native_plant_comm\derived_work.gdb\work_natural_selected D:\data\gis\scratch\drivers\biota_dnr_native_plant_comm\biota_dnr_native_plant_comm.gdb\dnr_native_plant_communities NO_TEST "NPC "NPC" true true false 150 Text 0 0 ,First,#,D:\data\gis\scratch\drivers\biota_dnr_native_plant_comm\derived_work.gdb\work_natural_selected,NPC,-1,-1;NPC_code "NPC_code" true true false 15 Text 0 0 ,First,#,D:\data\gis\scratch\drivers\biota_dnr_native_plant_comm\derived_work.gdb\work_natural_selected,NPC_code,-1,-1;NPC_description "NPC_description" true true false 125 Text 0 0 ,First,#,D:\data\gis\scratch\drivers\biota_dnr_native_plant_comm\derived_work.gdb\work_natural_selected,NPC_description,-1,-1;condition_rank "condition_rank" true true false 10 Text 0 0 ,First,#,D:\data\gis\scratch\drivers\biota_dnr_native_plant_comm\derived_work.gdb\work_natural_selected,condition_rank,-1,-1;system_code "system_code" true true false 10 Text 0 0 ,First,#,D:\data\gis\scratch\drivers\biota_dnr_native_plant_comm\derived_work.gdb\work_natural_selected,system_code,-1,-1;system_description "system_description" true true false 150 Text 0 0 ,First,#,D:\data\gis\scratch\drivers\biota_dnr_native_plant_comm\derived_work.gdb\work_natural_selected,system_description,-1,-1;floristic_region_code "floristic_region_code" true true false 50 Text 0 0 ,First,#,D:\data\gis\scratch\drivers\biota_dnr_native_plant_comm\derived_work.gdb\work_natural_selected,floristic_region_code,-1,-1;floristic_region_description "floristic_region_description" true true false 250 Text 0 0 ,First,#,D:\data\gis\scratch\drivers\biota_dnr_native_plant_comm\derived_work.gdb\work_natural_selected,floristic_region_description,-1,-1;class_code "class_code" true true false 10 Text 0 0 ,First,#,D:\data\gis\scratch\drivers\biota_dnr_native_plant_comm\derived_work.gdb\work_natural_selected,class_code,-1,-1;class_description "class_description" true true false 250 Text 0 0 ,First,#,D:\data\gis\scratch\drivers\biota_dnr_native_plant_comm\derived_work.gdb\work_natural_selected,class_description,-1,-1;s_rank_description "s_rank_description" true true false 100 Text 0 0 ,First,#,D:\data\gis\scratch\drivers\biota_dnr_native_plant_comm\derived_work.gdb\work_natural_selected,s_rank_description,-1,-1;s_rank_code "s_rank_code" true true false 25 Text 0 0 ,First,#,D:\data\gis\scratch\drivers\biota_dnr_native_plant_comm\derived_work.gdb\work_natural_selected,s_rank_code,-1,-1;biodiversity_significance_rank "biodiversity_significance_rank" true true false 25 Text 0 0 ,First,#,D:\data\gis\scratch\drivers\biota_dnr_native_plant_comm\derived_work.gdb\work_natural_selected,biodiversity_significance_rank,-1,-1;observer_1 "observer_1" true true false 150 Text 0 0 ,First,#,D:\data\gis\scratch\drivers\biota_dnr_native_plant_comm\derived_work.gdb\work_natural_selected,observer_1,-1,-1;observer_2 "observer_2" true true false 150 Text 0 0 ,First,#,D:\data\gis\scratch\drivers\biota_dnr_native_plant_comm\derived_work.gdb\work_natural_selected,observer_2,-1,-1;observer_3 "observer_3" true true false 150 Text 0 0 ,First,#,D:\data\gis\scratch\drivers\biota_dnr_native_plant_comm\derived_work.gdb\work_natural_selected,observer_3,-1,-1;observer_1_affiliation_type "observer_1_affiliation_type" true true false 100 Text 0 0 ,First,#,D:\data\gis\scratch\drivers\biota_dnr_native_plant_comm\derived_work.gdb\work_natural_selected,observer_1_affiliation_type,-1,-1;observer_2_affiliation_type "observer_2_affiliation_type" true true false 100 Text 0 0 ,First,#,D:\data\gis\scratch\drivers\biota_dnr_native_plant_comm\derived_work.gdb\work_natural_selected,observer_2_affiliation_type,-1,-1;observer_3_affiliation_type "observer_3_affiliation_type" true true false 100 Text 0 0 ,First,#,D:\data\gis\scratch\drivers\biota_dnr_native_plant_comm\derived_work.gdb\work_natural_selected,observer_3_affiliation_type,-1,-1;observer_1_affiliation_detail "observer_1_affiliation_detail" true true false 255 Text 0 0 ,First,#,D:\data\gis\scratch\drivers\biota_dnr_native_plant_comm\derived_work.gdb\work_natural_selected,observer_1_affiliation_detail,-1,-1;observer_2_affiliation_detail "observer_2_affiliation_detail" true true false 255 Text 0 0 ,First,#,D:\data\gis\scratch\drivers\biota_dnr_native_plant_comm\derived_work.gdb\work_natural_selected,observer_2_affiliation_detail,-1,-1;observer_3_affiliation_detail "observer_3_affiliation_detail" true true false 255 Text 0 0 ,First,#,D:\data\gis\scratch\drivers\biota_dnr_native_plant_comm\derived_work.gdb\work_natural_selected,observer_3_affiliation_detail,-1,-1;observation_year "observation_year" true true false 4 Long 0 0 ,First,#,D:\data\gis\scratch\drivers\biota_dnr_native_plant_comm\derived_work.gdb\work_natural_selected,observation_year,-1,-1;submitted_by "submitted_by" true true false 150 Text 0 0 ,First,#,D:\data\gis\scratch\drivers\biota_dnr_native_plant_comm\derived_work.gdb\work_natural_selected,submitted_by,-1,-1;admin_dnr_unit "admin_dnr_unit" true true false 150 Text 0 0 ,First,#,D:\data\gis\scratch\drivers\biota_dnr_native_plant_comm\derived_work.gdb\work_natural_selected,admin_dnr_unit,-1,-1;collection_method "collection_method" true true false 150 Text 0 0 ,First,#,D:\data\gis\scratch\drivers\biota_dnr_native_plant_comm\derived_work.gdb\work_natural_selected,collection_method,-1,-1;photo_year "photo_year" true true false 4 Long 0 0 ,First,#,D:\data\gis\scratch\drivers\biota_dnr_native_plant_comm\derived_work.gdb\work_natural_selected,photo_year,-1,-1;photo_type "photo_type" true true false 255 Text 0 0 ,First,#,D:\data\gis\scratch\drivers\biota_dnr_native_plant_comm\derived_work.gdb\work_natural_selected,photo_type,-1,-1;comment "comment" true true false 300 Text 0 0 ,First,#,D:\data\gis\scratch\drivers\biota_dnr_native_plant_comm\derived_work.gdb\work_natural_selected,comment,-1,-1;gis_acres "gis_acres" true true false 8 Double 0 0 ,First,#,D:\data\gis\scratch\drivers\biota_dnr_native_plant_comm\derived_work.gdb\work_natural_selected,gis_acres,-1,-1;SHAPE_Length "SHAPE_Length" false true true 8 Double 0 0 ,First,#,D:\data\gis\scratch\drivers\biota_dnr_native_plant_comm\derived_work.gdb\work_natural_selected,Shape_Length,-1,-1;SHAPE_Area "SHAPE_Area" false true true 8 Double 0 0 ,First,#,D:\data\gis\scratch\drivers\biota_dnr_native_plant_comm\derived_work.gdb\work_natural_selected,Shape_Area,-1,-1" #</Process>
				<Process ToolSource="c:\program files (x86)\arcgis\desktop10.2\ArcToolbox\Toolboxes\Data Management Tools.tbx\AddIndex" Date="20170711" Time="195357">AddIndex D:\data\gis\scratch\drivers\biota_dnr_native_plant_comm\biota_dnr_native_plant_comm.gdb\dnr_native_plant_communities NPC npc_index NON_UNIQUE NON_ASCENDING</Process>
				<Process ToolSource="c:\program files (x86)\arcgis\desktop10.2\ArcToolbox\Toolboxes\Data Management Tools.tbx\AddIndex" Date="20170711" Time="195359">AddIndex D:\data\gis\scratch\drivers\biota_dnr_native_plant_comm\biota_dnr_native_plant_comm.gdb\dnr_native_plant_communities NPC_code npc_index_code NON_UNIQUE NON_ASCENDING</Process>
				<Process ToolSource="c:\program files (x86)\arcgis\desktop10.2\ArcToolbox\Toolboxes\Data Management Tools.tbx\AddIndex" Date="20170711" Time="195400">AddIndex D:\data\gis\scratch\drivers\biota_dnr_native_plant_comm\biota_dnr_native_plant_comm.gdb\dnr_native_plant_communities system_code npc_index_system_code NON_UNIQUE NON_ASCENDING</Process>
				<Process ToolSource="c:\program files (x86)\arcgis\desktop10.2\ArcToolbox\Toolboxes\Data Management Tools.tbx\AddIndex" Date="20170711" Time="195404">AddIndex D:\data\gis\scratch\drivers\biota_dnr_native_plant_comm\biota_dnr_native_plant_comm.gdb\dnr_native_plant_communities system_description npc_index_system_desc NON_UNIQUE NON_ASCENDING</Process>
				<Process ToolSource="c:\program files (x86)\arcgis\desktop10.2\ArcToolbox\Toolboxes\Data Management Tools.tbx\AddIndex" Date="20170711" Time="195406">AddIndex D:\data\gis\scratch\drivers\biota_dnr_native_plant_comm\biota_dnr_native_plant_comm.gdb\dnr_native_plant_communities NPC_description npc_index_desc NON_UNIQUE NON_ASCENDING</Process>
				<Process ToolSource="c:\program files (x86)\arcgis\desktop10.2\ArcToolbox\Toolboxes\Conversion Tools.tbx\FeatureClassToFeatureClass" Date="20170712" Time="221756">FeatureClassToFeatureClass V:\gdrs\data\pub\us_mn_state_dnr\biota_dnr_native_plant_comm\fgdb\biota_dnr_native_plant_comm.gdb\dnr_native_plant_communities C:\python_scripts\temp\biota_dnr_native_plant_comm.gdb temp # "NPC "NPC" true true false 150 Text 0 0 ,First,#,V:\gdrs\data\pub\us_mn_state_dnr\biota_dnr_native_plant_comm\fgdb\biota_dnr_native_plant_comm.gdb\dnr_native_plant_communities,NPC,-1,-1;NPC_code "NPC_code" true true false 15 Text 0 0 ,First,#,V:\gdrs\data\pub\us_mn_state_dnr\biota_dnr_native_plant_comm\fgdb\biota_dnr_native_plant_comm.gdb\dnr_native_plant_communities,NPC_code,-1,-1;NPC_description "NPC_description" true true false 125 Text 0 0 ,First,#,V:\gdrs\data\pub\us_mn_state_dnr\biota_dnr_native_plant_comm\fgdb\biota_dnr_native_plant_comm.gdb\dnr_native_plant_communities,NPC_description,-1,-1;condition_rank "condition_rank" true true false 10 Text 0 0 ,First,#,V:\gdrs\data\pub\us_mn_state_dnr\biota_dnr_native_plant_comm\fgdb\biota_dnr_native_plant_comm.gdb\dnr_native_plant_communities,condition_rank,-1,-1;system_code "system_code" true true false 10 Text 0 0 ,First,#,V:\gdrs\data\pub\us_mn_state_dnr\biota_dnr_native_plant_comm\fgdb\biota_dnr_native_plant_comm.gdb\dnr_native_plant_communities,system_code,-1,-1;system_description "system_description" true true false 150 Text 0 0 ,First,#,V:\gdrs\data\pub\us_mn_state_dnr\biota_dnr_native_plant_comm\fgdb\biota_dnr_native_plant_comm.gdb\dnr_native_plant_communities,system_description,-1,-1;floristic_region_code "floristic_region_code" true true false 50 Text 0 0 ,First,#,V:\gdrs\data\pub\us_mn_state_dnr\biota_dnr_native_plant_comm\fgdb\biota_dnr_native_plant_comm.gdb\dnr_native_plant_communities,floristic_region_code,-1,-1;floristic_region_description "floristic_region_description" true true false 250 Text 0 0 ,First,#,V:\gdrs\data\pub\us_mn_state_dnr\biota_dnr_native_plant_comm\fgdb\biota_dnr_native_plant_comm.gdb\dnr_native_plant_communities,floristic_region_description,-1,-1;class_code "class_code" true true false 10 Text 0 0 ,First,#,V:\gdrs\data\pub\us_mn_state_dnr\biota_dnr_native_plant_comm\fgdb\biota_dnr_native_plant_comm.gdb\dnr_native_plant_communities,class_code,-1,-1;class_description "class_description" true true false 250 Text 0 0 ,First,#,V:\gdrs\data\pub\us_mn_state_dnr\biota_dnr_native_plant_comm\fgdb\biota_dnr_native_plant_comm.gdb\dnr_native_plant_communities,class_description,-1,-1;s_rank_description "s_rank_description" true true false 100 Text 0 0 ,First,#,V:\gdrs\data\pub\us_mn_state_dnr\biota_dnr_native_plant_comm\fgdb\biota_dnr_native_plant_comm.gdb\dnr_native_plant_communities,s_rank_description,-1,-1;s_rank_code "s_rank_code" true true false 25 Text 0 0 ,First,#,V:\gdrs\data\pub\us_mn_state_dnr\biota_dnr_native_plant_comm\fgdb\biota_dnr_native_plant_comm.gdb\dnr_native_plant_communities,s_rank_code,-1,-1;biodiversity_significance_rank "biodiversity_significance_rank" true true false 25 Text 0 0 ,First,#,V:\gdrs\data\pub\us_mn_state_dnr\biota_dnr_native_plant_comm\fgdb\biota_dnr_native_plant_comm.gdb\dnr_native_plant_communities,biodiversity_significance_rank,-1,-1;observer_1 "observer_1" true true false 150 Text 0 0 ,First,#,V:\gdrs\data\pub\us_mn_state_dnr\biota_dnr_native_plant_comm\fgdb\biota_dnr_native_plant_comm.gdb\dnr_native_plant_communities,observer_1,-1,-1;observer_2 "observer_2" true true false 150 Text 0 0 ,First,#,V:\gdrs\data\pub\us_mn_state_dnr\biota_dnr_native_plant_comm\fgdb\biota_dnr_native_plant_comm.gdb\dnr_native_plant_communities,observer_2,-1,-1;observer_3 "observer_3" true true false 150 Text 0 0 ,First,#,V:\gdrs\data\pub\us_mn_state_dnr\biota_dnr_native_plant_comm\fgdb\biota_dnr_native_plant_comm.gdb\dnr_native_plant_communities,observer_3,-1,-1;observer_1_affiliation_type "observer_1_affiliation_type" true true false 100 Text 0 0 ,First,#,V:\gdrs\data\pub\us_mn_state_dnr\biota_dnr_native_plant_comm\fgdb\biota_dnr_native_plant_comm.gdb\dnr_native_plant_communities,observer_1_affiliation_type,-1,-1;observer_2_affiliation_type "observer_2_affiliation_type" true true false 100 Text 0 0 ,First,#,V:\gdrs\data\pub\us_mn_state_dnr\biota_dnr_native_plant_comm\fgdb\biota_dnr_native_plant_comm.gdb\dnr_native_plant_communities,observer_2_affiliation_type,-1,-1;observer_3_affiliation_type "observer_3_affiliation_type" true true false 100 Text 0 0 ,First,#,V:\gdrs\data\pub\us_mn_state_dnr\biota_dnr_native_plant_comm\fgdb\biota_dnr_native_plant_comm.gdb\dnr_native_plant_communities,observer_3_affiliation_type,-1,-1;observer_1_affiliation_detail "observer_1_affiliation_detail" true true false 255 Text 0 0 ,First,#,V:\gdrs\data\pub\us_mn_state_dnr\biota_dnr_native_plant_comm\fgdb\biota_dnr_native_plant_comm.gdb\dnr_native_plant_communities,observer_1_affiliation_detail,-1,-1;observer_2_affiliation_detail "observer_2_affiliation_detail" true true false 255 Text 0 0 ,First,#,V:\gdrs\data\pub\us_mn_state_dnr\biota_dnr_native_plant_comm\fgdb\biota_dnr_native_plant_comm.gdb\dnr_native_plant_communities,observer_2_affiliation_detail,-1,-1;observer_3_affiliation_detail "observer_3_affiliation_detail" true true false 255 Text 0 0 ,First,#,V:\gdrs\data\pub\us_mn_state_dnr\biota_dnr_native_plant_comm\fgdb\biota_dnr_native_plant_comm.gdb\dnr_native_plant_communities,observer_3_affiliation_detail,-1,-1;observation_year "observation_year" true true false 4 Long 0 0 ,First,#,V:\gdrs\data\pub\us_mn_state_dnr\biota_dnr_native_plant_comm\fgdb\biota_dnr_native_plant_comm.gdb\dnr_native_plant_communities,observation_year,-1,-1;submitted_by "submitted_by" true true false 150 Text 0 0 ,First,#,V:\gdrs\data\pub\us_mn_state_dnr\biota_dnr_native_plant_comm\fgdb\biota_dnr_native_plant_comm.gdb\dnr_native_plant_communities,submitted_by,-1,-1;admin_dnr_unit "admin_dnr_unit" true true false 150 Text 0 0 ,First,#,V:\gdrs\data\pub\us_mn_state_dnr\biota_dnr_native_plant_comm\fgdb\biota_dnr_native_plant_comm.gdb\dnr_native_plant_communities,admin_dnr_unit,-1,-1;collection_method "collection_method" true true false 150 Text 0 0 ,First,#,V:\gdrs\data\pub\us_mn_state_dnr\biota_dnr_native_plant_comm\fgdb\biota_dnr_native_plant_comm.gdb\dnr_native_plant_communities,collection_method,-1,-1;photo_year "photo_year" true true false 4 Long 0 0 ,First,#,V:\gdrs\data\pub\us_mn_state_dnr\biota_dnr_native_plant_comm\fgdb\biota_dnr_native_plant_comm.gdb\dnr_native_plant_communities,photo_year,-1,-1;photo_type "photo_type" true true false 255 Text 0 0 ,First,#,V:\gdrs\data\pub\us_mn_state_dnr\biota_dnr_native_plant_comm\fgdb\biota_dnr_native_plant_comm.gdb\dnr_native_plant_communities,photo_type,-1,-1;comment "comment" true true false 300 Text 0 0 ,First,#,V:\gdrs\data\pub\us_mn_state_dnr\biota_dnr_native_plant_comm\fgdb\biota_dnr_native_plant_comm.gdb\dnr_native_plant_communities,comment,-1,-1;gis_acres "gis_acres" true true false 8 Double 0 0 ,First,#,V:\gdrs\data\pub\us_mn_state_dnr\biota_dnr_native_plant_comm\fgdb\biota_dnr_native_plant_comm.gdb\dnr_native_plant_communities,gis_acres,-1,-1;SHAPE_Length "SHAPE_Length" false true true 8 Double 0 0 ,First,#,V:\gdrs\data\pub\us_mn_state_dnr\biota_dnr_native_plant_comm\fgdb\biota_dnr_native_plant_comm.gdb\dnr_native_plant_communities,SHAPE_Length,-1,-1;SHAPE_Area "SHAPE_Area" false true true 8 Double 0 0 ,First,#,V:\gdrs\data\pub\us_mn_state_dnr\biota_dnr_native_plant_comm\fgdb\biota_dnr_native_plant_comm.gdb\dnr_native_plant_communities,SHAPE_Area,-1,-1" #</Process>
				<Process ToolSource="c:\program files (x86)\arcgis\desktop10.2\ArcToolbox\Toolboxes\Analysis Tools.tbx\Select" Date="20170712" Time="221806">Select C:\python_scripts\temp\biota_dnr_native_plant_comm.gdb\temp C:\python_scripts\temp\biota_dnr_native_plant_comm.gdb\temp1 "NPC_code = 'DPW_CX' OR NPC_code = 'PBW_CX' OR NPC_code = 'PMA_CX' OR NPC_code = 'PWL_CX' OR NPC_code = 'ROP_CX' OR NPC_code = 'SWP_CX' OR NPC_code = 'AIP_CX' OR NPC_code = 'ABR_CX' OR NPC_code = 'ASR_CX' OR NPC_code = 'ASP_CX' OR NPC_code LIKE 'UP%' OR NPC_code LIKE 'WP%'"</Process>
				<Process ToolSource="c:\program files (x86)\arcgis\desktop10.2\ArcToolbox\Toolboxes\Conversion Tools.tbx\FeatureClassToFeatureClass" Date="20170712" Time="221828">FeatureClassToFeatureClass C:\python_scripts\temp\biota_dnr_native_plant_comm.gdb\temp1 X:\gisdata\state\mn\biota_dnr_native_prairies.gdb dnr_native_prairies # "NPC "NPC" true true false 150 Text 0 0 ,First,#,C:\python_scripts\temp\biota_dnr_native_plant_comm.gdb\temp1,NPC,-1,-1;NPC_code "NPC_code" true true false 15 Text 0 0 ,First,#,C:\python_scripts\temp\biota_dnr_native_plant_comm.gdb\temp1,NPC_code,-1,-1;NPC_description "NPC_description" true true false 125 Text 0 0 ,First,#,C:\python_scripts\temp\biota_dnr_native_plant_comm.gdb\temp1,NPC_description,-1,-1;condition_rank "condition_rank" true true false 10 Text 0 0 ,First,#,C:\python_scripts\temp\biota_dnr_native_plant_comm.gdb\temp1,condition_rank,-1,-1;system_code "system_code" true true false 10 Text 0 0 ,First,#,C:\python_scripts\temp\biota_dnr_native_plant_comm.gdb\temp1,system_code,-1,-1;system_description "system_description" true true false 150 Text 0 0 ,First,#,C:\python_scripts\temp\biota_dnr_native_plant_comm.gdb\temp1,system_description,-1,-1;floristic_region_code "floristic_region_code" true true false 50 Text 0 0 ,First,#,C:\python_scripts\temp\biota_dnr_native_plant_comm.gdb\temp1,floristic_region_code,-1,-1;floristic_region_description "floristic_region_description" true true false 250 Text 0 0 ,First,#,C:\python_scripts\temp\biota_dnr_native_plant_comm.gdb\temp1,floristic_region_description,-1,-1;class_code "class_code" true true false 10 Text 0 0 ,First,#,C:\python_scripts\temp\biota_dnr_native_plant_comm.gdb\temp1,class_code,-1,-1;class_description "class_description" true true false 250 Text 0 0 ,First,#,C:\python_scripts\temp\biota_dnr_native_plant_comm.gdb\temp1,class_description,-1,-1;s_rank_description "s_rank_description" true true false 100 Text 0 0 ,First,#,C:\python_scripts\temp\biota_dnr_native_plant_comm.gdb\temp1,s_rank_description,-1,-1;s_rank_code "s_rank_code" true true false 25 Text 0 0 ,First,#,C:\python_scripts\temp\biota_dnr_native_plant_comm.gdb\temp1,s_rank_code,-1,-1;biodiversity_significance_rank "biodiversity_significance_rank" true true false 25 Text 0 0 ,First,#,C:\python_scripts\temp\biota_dnr_native_plant_comm.gdb\temp1,biodiversity_significance_rank,-1,-1;observer_1 "observer_1" true true false 150 Text 0 0 ,First,#,C:\python_scripts\temp\biota_dnr_native_plant_comm.gdb\temp1,observer_1,-1,-1;observer_2 "observer_2" true true false 150 Text 0 0 ,First,#,C:\python_scripts\temp\biota_dnr_native_plant_comm.gdb\temp1,observer_2,-1,-1;observer_3 "observer_3" true true false 150 Text 0 0 ,First,#,C:\python_scripts\temp\biota_dnr_native_plant_comm.gdb\temp1,observer_3,-1,-1;observer_1_affiliation_type "observer_1_affiliation_type" true true false 100 Text 0 0 ,First,#,C:\python_scripts\temp\biota_dnr_native_plant_comm.gdb\temp1,observer_1_affiliation_type,-1,-1;observer_2_affiliation_type "observer_2_affiliation_type" true true false 100 Text 0 0 ,First,#,C:\python_scripts\temp\biota_dnr_native_plant_comm.gdb\temp1,observer_2_affiliation_type,-1,-1;observer_3_affiliation_type "observer_3_affiliation_type" true true false 100 Text 0 0 ,First,#,C:\python_scripts\temp\biota_dnr_native_plant_comm.gdb\temp1,observer_3_affiliation_type,-1,-1;observer_1_affiliation_detail "observer_1_affiliation_detail" true true false 255 Text 0 0 ,First,#,C:\python_scripts\temp\biota_dnr_native_plant_comm.gdb\temp1,observer_1_affiliation_detail,-1,-1;observer_2_affiliation_detail "observer_2_affiliation_detail" true true false 255 Text 0 0 ,First,#,C:\python_scripts\temp\biota_dnr_native_plant_comm.gdb\temp1,observer_2_affiliation_detail,-1,-1;observer_3_affiliation_detail "observer_3_affiliation_detail" true true false 255 Text 0 0 ,First,#,C:\python_scripts\temp\biota_dnr_native_plant_comm.gdb\temp1,observer_3_affiliation_detail,-1,-1;observation_year "observation_year" true true false 4 Long 0 0 ,First,#,C:\python_scripts\temp\biota_dnr_native_plant_comm.gdb\temp1,observation_year,-1,-1;submitted_by "submitted_by" true true false 150 Text 0 0 ,First,#,C:\python_scripts\temp\biota_dnr_native_plant_comm.gdb\temp1,submitted_by,-1,-1;admin_dnr_unit "admin_dnr_unit" true true false 150 Text 0 0 ,First,#,C:\python_scripts\temp\biota_dnr_native_plant_comm.gdb\temp1,admin_dnr_unit,-1,-1;collection_method "collection_method" true true false 150 Text 0 0 ,First,#,C:\python_scripts\temp\biota_dnr_native_plant_comm.gdb\temp1,collection_method,-1,-1;photo_year "photo_year" true true false 4 Long 0 0 ,First,#,C:\python_scripts\temp\biota_dnr_native_plant_comm.gdb\temp1,photo_year,-1,-1;photo_type "photo_type" true true false 255 Text 0 0 ,First,#,C:\python_scripts\temp\biota_dnr_native_plant_comm.gdb\temp1,photo_type,-1,-1;comment "comment" true true false 300 Text 0 0 ,First,#,C:\python_scripts\temp\biota_dnr_native_plant_comm.gdb\temp1,comment,-1,-1;gis_acres "gis_acres" true true false 8 Double 0 0 ,First,#,C:\python_scripts\temp\biota_dnr_native_plant_comm.gdb\temp1,gis_acres,-1,-1;Shape_Length "Shape_Length" false true true 8 Double 0 0 ,First,#,C:\python_scripts\temp\biota_dnr_native_plant_comm.gdb\temp1,Shape_Length,-1,-1;Shape_Area "Shape_Area" false true true 8 Double 0 0 ,First,#,C:\python_scripts\temp\biota_dnr_native_plant_comm.gdb\temp1,Shape_Area,-1,-1" #</Process>
				<Process ToolSource="C:\program files\arcgis\server\ArcToolbox\Toolboxes\Conversion Tools.tbx\FeatureClassToFeatureClass" Date="20170714" Time="001915">FeatureClassToFeatureClass /var/ftp/gdrs_temp/update\us_mn_state_dnr\biota_dnr_native_prairies\fgdb\biota_dnr_native_prairies.gdb\dnr_native_prairies /var/ftp/gdrs_temp/update\us_mn_state_dnr\biota_dnr_native_prairies\shp dnr_native_prairies.shp # "NPC "NPC" true true false 150 Text 0 0 ,First,#,/var/ftp/gdrs_temp/update\us_mn_state_dnr\biota_dnr_native_prairies\fgdb\biota_dnr_native_prairies.gdb\dnr_native_prairies,NPC,-1,-1;NPC_code "NPC_code" true true false 15 Text 0 0 ,First,#,/var/ftp/gdrs_temp/update\us_mn_state_dnr\biota_dnr_native_prairies\fgdb\biota_dnr_native_prairies.gdb\dnr_native_prairies,NPC_code,-1,-1;NPC_descri "NPC_description" true true false 125 Text 0 0 ,First,#,/var/ftp/gdrs_temp/update\us_mn_state_dnr\biota_dnr_native_prairies\fgdb\biota_dnr_native_prairies.gdb\dnr_native_prairies,NPC_description,-1,-1;condition_ "condition_rank" true true false 10 Text 0 0 ,First,#,/var/ftp/gdrs_temp/update\us_mn_state_dnr\biota_dnr_native_prairies\fgdb\biota_dnr_native_prairies.gdb\dnr_native_prairies,condition_rank,-1,-1;system_cod "system_code" true true false 10 Text 0 0 ,First,#,/var/ftp/gdrs_temp/update\us_mn_state_dnr\biota_dnr_native_prairies\fgdb\biota_dnr_native_prairies.gdb\dnr_native_prairies,system_code,-1,-1;system_des "system_description" true true false 150 Text 0 0 ,First,#,/var/ftp/gdrs_temp/update\us_mn_state_dnr\biota_dnr_native_prairies\fgdb\biota_dnr_native_prairies.gdb\dnr_native_prairies,system_description,-1,-1;floristic_ "floristic_region_code" true true false 50 Text 0 0 ,First,#,/var/ftp/gdrs_temp/update\us_mn_state_dnr\biota_dnr_native_prairies\fgdb\biota_dnr_native_prairies.gdb\dnr_native_prairies,floristic_region_code,-1,-1;floristic1 "floristic_region_description" true true false 250 Text 0 0 ,First,#,/var/ftp/gdrs_temp/update\us_mn_state_dnr\biota_dnr_native_prairies\fgdb\biota_dnr_native_prairies.gdb\dnr_native_prairies,floristic_region_description,-1,-1;class_code "class_code" true true false 10 Text 0 0 ,First,#,/var/ftp/gdrs_temp/update\us_mn_state_dnr\biota_dnr_native_prairies\fgdb\biota_dnr_native_prairies.gdb\dnr_native_prairies,class_code,-1,-1;class_desc "class_description" true true false 250 Text 0 0 ,First,#,/var/ftp/gdrs_temp/update\us_mn_state_dnr\biota_dnr_native_prairies\fgdb\biota_dnr_native_prairies.gdb\dnr_native_prairies,class_description,-1,-1;s_rank_des "s_rank_description" true true false 100 Text 0 0 ,First,#,/var/ftp/gdrs_temp/update\us_mn_state_dnr\biota_dnr_native_prairies\fgdb\biota_dnr_native_prairies.gdb\dnr_native_prairies,s_rank_description,-1,-1;s_rank_cod "s_rank_code" true true false 25 Text 0 0 ,First,#,/var/ftp/gdrs_temp/update\us_mn_state_dnr\biota_dnr_native_prairies\fgdb\biota_dnr_native_prairies.gdb\dnr_native_prairies,s_rank_code,-1,-1;biodiversi "biodiversity_significance_rank" true true false 25 Text 0 0 ,First,#,/var/ftp/gdrs_temp/update\us_mn_state_dnr\biota_dnr_native_prairies\fgdb\biota_dnr_native_prairies.gdb\dnr_native_prairies,biodiversity_significance_rank,-1,-1;observer_1 "observer_1" true true false 150 Text 0 0 ,First,#,/var/ftp/gdrs_temp/update\us_mn_state_dnr\biota_dnr_native_prairies\fgdb\biota_dnr_native_prairies.gdb\dnr_native_prairies,observer_1,-1,-1;observer_2 "observer_2" true true false 150 Text 0 0 ,First,#,/var/ftp/gdrs_temp/update\us_mn_state_dnr\biota_dnr_native_prairies\fgdb\biota_dnr_native_prairies.gdb\dnr_native_prairies,observer_2,-1,-1;observer_3 "observer_3" true true false 150 Text 0 0 ,First,#,/var/ftp/gdrs_temp/update\us_mn_state_dnr\biota_dnr_native_prairies\fgdb\biota_dnr_native_prairies.gdb\dnr_native_prairies,observer_3,-1,-1;observer_4 "observer_1_affiliation_type" true true false 100 Text 0 0 ,First,#,/var/ftp/gdrs_temp/update\us_mn_state_dnr\biota_dnr_native_prairies\fgdb\biota_dnr_native_prairies.gdb\dnr_native_prairies,observer_1_affiliation_type,-1,-1;observer_5 "observer_2_affiliation_type" true true false 100 Text 0 0 ,First,#,/var/ftp/gdrs_temp/update\us_mn_state_dnr\biota_dnr_native_prairies\fgdb\biota_dnr_native_prairies.gdb\dnr_native_prairies,observer_2_affiliation_type,-1,-1;observer_6 "observer_3_affiliation_type" true true false 100 Text 0 0 ,First,#,/var/ftp/gdrs_temp/update\us_mn_state_dnr\biota_dnr_native_prairies\fgdb\biota_dnr_native_prairies.gdb\dnr_native_prairies,observer_3_affiliation_type,-1,-1;observer_7 "observer_1_affiliation_detail" true true false 255 Text 0 0 ,First,#,/var/ftp/gdrs_temp/update\us_mn_state_dnr\biota_dnr_native_prairies\fgdb\biota_dnr_native_prairies.gdb\dnr_native_prairies,observer_1_affiliation_detail,-1,-1;observer_8 "observer_2_affiliation_detail" true true false 255 Text 0 0 ,First,#,/var/ftp/gdrs_temp/update\us_mn_state_dnr\biota_dnr_native_prairies\fgdb\biota_dnr_native_prairies.gdb\dnr_native_prairies,observer_2_affiliation_detail,-1,-1;observer_9 "observer_3_affiliation_detail" true true false 255 Text 0 0 ,First,#,/var/ftp/gdrs_temp/update\us_mn_state_dnr\biota_dnr_native_prairies\fgdb\biota_dnr_native_prairies.gdb\dnr_native_prairies,observer_3_affiliation_detail,-1,-1;observatio "observation_year" true true false 4 Long 0 0 ,First,#,/var/ftp/gdrs_temp/update\us_mn_state_dnr\biota_dnr_native_prairies\fgdb\biota_dnr_native_prairies.gdb\dnr_native_prairies,observation_year,-1,-1;submitted_ "submitted_by" true true false 150 Text 0 0 ,First,#,/var/ftp/gdrs_temp/update\us_mn_state_dnr\biota_dnr_native_prairies\fgdb\biota_dnr_native_prairies.gdb\dnr_native_prairies,submitted_by,-1,-1;admin_dnr_ "admin_dnr_unit" true true false 150 Text 0 0 ,First,#,/var/ftp/gdrs_temp/update\us_mn_state_dnr\biota_dnr_native_prairies\fgdb\biota_dnr_native_prairies.gdb\dnr_native_prairies,admin_dnr_unit,-1,-1;collection "collection_method" true true false 150 Text 0 0 ,First,#,/var/ftp/gdrs_temp/update\us_mn_state_dnr\biota_dnr_native_prairies\fgdb\biota_dnr_native_prairies.gdb\dnr_native_prairies,collection_method,-1,-1;photo_year "photo_year" true true false 4 Long 0 0 ,First,#,/var/ftp/gdrs_temp/update\us_mn_state_dnr\biota_dnr_native_prairies\fgdb\biota_dnr_native_prairies.gdb\dnr_native_prairies,photo_year,-1,-1;photo_type "photo_type" true true false 255 Text 0 0 ,First,#,/var/ftp/gdrs_temp/update\us_mn_state_dnr\biota_dnr_native_prairies\fgdb\biota_dnr_native_prairies.gdb\dnr_native_prairies,photo_type,-1,-1;comment "comment" true true false 300 Text 0 0 ,First,#,/var/ftp/gdrs_temp/update\us_mn_state_dnr\biota_dnr_native_prairies\fgdb\biota_dnr_native_prairies.gdb\dnr_native_prairies,comment,-1,-1;gis_acres "gis_acres" true true false 8 Double 0 0 ,First,#,/var/ftp/gdrs_temp/update\us_mn_state_dnr\biota_dnr_native_prairies\fgdb\biota_dnr_native_prairies.gdb\dnr_native_prairies,gis_acres,-1,-1;Shape_Leng "Shape_Leng" false true true 8 Double 0 0 ,First,#,/var/ftp/gdrs_temp/update\us_mn_state_dnr\biota_dnr_native_prairies\fgdb\biota_dnr_native_prairies.gdb\dnr_native_prairies,Shape_Length,-1,-1;Shape_Area "Shape_Area" false true true 8 Double 0 0 ,First,#,/var/ftp/gdrs_temp/update\us_mn_state_dnr\biota_dnr_native_prairies\fgdb\biota_dnr_native_prairies.gdb\dnr_native_prairies,Shape_Area,-1,-1" #</Process>
			</lineage>
			<itemProps>
				<itemName Sync="TRUE">dnr_native_prairies</itemName>
				<imsContentType Sync="TRUE">002</imsContentType>
				<itemLocation>
					<linkage Sync="TRUE">file://\\g46palgdrftp001\Z\var\ftp\gdrs_temp\update\us_mn_state_dnr\biota_dnr_native_prairies\shp\dnr_native_prairies.shp</linkage>
					<protocol Sync="TRUE">Local Area Network</protocol>
				</itemLocation>
				<itemSize Sync="TRUE">0.000</itemSize>
			</itemProps>
			<coordRef>
				<type Sync="TRUE">Projected</type>
				<geogcsn Sync="TRUE">GCS_North_American_1983</geogcsn>
				<csUnits Sync="TRUE">Linear Unit: Meter (1.000000)</csUnits>
				<projcsn Sync="TRUE">NAD_1983_UTM_Zone_15N</projcsn>
				<peXml Sync="TRUE">&lt;ProjectedCoordinateSystem xsi:type='typens:ProjectedCoordinateSystem' xmlns:xsi='http://www.w3.org/2001/XMLSchema-instance' xmlns:xs='http://www.w3.org/2001/XMLSchema' xmlns:typens='http://www.esri.com/schemas/ArcGIS/10.4'&gt;&lt;WKT&gt;PROJCS[&amp;quot;NAD_1983_UTM_Zone_15N&amp;quot;,GEOGCS[&amp;quot;GCS_North_American_1983&amp;quot;,DATUM[&amp;quot;D_North_American_1983&amp;quot;,SPHEROID[&amp;quot;GRS_1980&amp;quot;,6378137.0,298.257222101]],PRIMEM[&amp;quot;Greenwich&amp;quot;,0.0],UNIT[&amp;quot;Degree&amp;quot;,0.0174532925199433]],PROJECTION[&amp;quot;Transverse_Mercator&amp;quot;],PARAMETER[&amp;quot;False_Easting&amp;quot;,500000.0],PARAMETER[&amp;quot;False_Northing&amp;quot;,0.0],PARAMETER[&amp;quot;Central_Meridian&amp;quot;,-93.0],PARAMETER[&amp;quot;Scale_Factor&amp;quot;,0.9996],PARAMETER[&amp;quot;Latitude_Of_Origin&amp;quot;,0.0],UNIT[&amp;quot;Meter&amp;quot;,1.0],AUTHORITY[&amp;quot;EPSG&amp;quot;,26915]]&lt;/WKT&gt;&lt;XOrigin&gt;-5120900&lt;/XOrigin&gt;&lt;YOrigin&gt;-9998100&lt;/YOrigin&gt;&lt;XYScale&gt;450445547.3910538&lt;/XYScale&gt;&lt;ZOrigin&gt;-100000&lt;/ZOrigin&gt;&lt;ZScale&gt;10000&lt;/ZScale&gt;&lt;MOrigin&gt;-100000&lt;/MOrigin&gt;&lt;MScale&gt;10000&lt;/MScale&gt;&lt;XYTolerance&gt;0.001&lt;/XYTolerance&gt;&lt;ZTolerance&gt;0.001&lt;/ZTolerance&gt;&lt;MTolerance&gt;0.001&lt;/MTolerance&gt;&lt;HighPrecision&gt;true&lt;/HighPrecision&gt;&lt;WKID&gt;26915&lt;/WKID&gt;&lt;LatestWKID&gt;26915&lt;/LatestWKID&gt;&lt;/ProjectedCoordinateSystem&gt;</peXml>
			</coordRef>
		</DataProperties>
		<SyncDate>20170714</SyncDate>
		<SyncTime>00191400</SyncTime>
		<ModDate>20170714</ModDate>
		<ModTime>00191400</ModTime>
	</Esri>
	<dataIdInfo>
		<envirDesc Sync="TRUE">Microsoft Windows XP Professional x64 Edition Version 5.2 (Build 3790) Service Pack 2; Esri ArcGIS 10.4.1.5686</envirDesc>
		<dataLang>
			<languageCode value="en" Sync="TRUE"/>
			<countryCode value="US" Sync="TRUE"/>
		</dataLang>
		<idCitation>
			<resTitle Sync="TRUE">dnr_native_prairies</resTitle>
			<presForm>
				<PresFormCd value="005" Sync="TRUE"/>
			</presForm>
		</idCitation>
		<spatRpType>
			<SpatRepTypCd value="001" Sync="TRUE"/>
		</spatRpType>
	</dataIdInfo>
	<mdLang>
		<languageCode value="en" Sync="TRUE"/>
		<countryCode value="US" Sync="TRUE"/>
	</mdLang>
	<distInfo>
		<distFormat>
			<formatName Sync="TRUE">Shapefile</formatName>
		</distFormat>
		<distTranOps>
			<transSize Sync="TRUE">0.000</transSize>
		</distTranOps>
	</distInfo>
	<mdHrLv>
		<ScopeCd value="005" Sync="TRUE"/>
	</mdHrLv>
	<mdHrLvName Sync="TRUE">dataset</mdHrLvName>
	<refSysInfo>
		<RefSystem>
			<refSysID>
				<identCode code="26915" Sync="TRUE"/>
				<idCodeSpace Sync="TRUE">EPSG</idCodeSpace>
				<idVersion Sync="TRUE">6.13(3.0.1)</idVersion>
			</refSysID>
		</RefSystem>
	</refSysInfo>
	<spatRepInfo>
		<VectSpatRep>
			<geometObjs Name="dnr_native_prairies">
				<geoObjTyp>
					<GeoObjTypCd value="002" Sync="TRUE"/>
				</geoObjTyp>
				<geoObjCnt Sync="TRUE">0</geoObjCnt>
			</geometObjs>
			<topLvl>
				<TopoLevCd value="001" Sync="TRUE"/>
			</topLvl>
		</VectSpatRep>
	</spatRepInfo>
	<spdoinfo>
		<ptvctinf>
			<esriterm Name="dnr_native_prairies">
				<efeatyp Sync="TRUE">Simple</efeatyp>
				<efeageom code="4" Sync="TRUE"/>
				<esritopo Sync="TRUE">FALSE</esritopo>
				<efeacnt Sync="TRUE">0</efeacnt>
				<spindex Sync="TRUE">FALSE</spindex>
				<linrefer Sync="TRUE">FALSE</linrefer>
			</esriterm>
		</ptvctinf>
	</spdoinfo>
	<eainfo>
		<detailed Name="dnr_native_prairies">
			<enttyp>
				<enttypl Sync="TRUE">dnr_native_prairies</enttypl>
				<enttypt Sync="TRUE">Feature Class</enttypt>
				<enttypc Sync="TRUE">0</enttypc>
			</enttyp>
			<attr>
				<attrlabl Sync="TRUE">FID</attrlabl>
				<attalias Sync="TRUE">FID</attalias>
				<attrtype Sync="TRUE">OID</attrtype>
				<attwidth Sync="TRUE">4</attwidth>
				<atprecis Sync="TRUE">0</atprecis>
				<attscale Sync="TRUE">0</attscale>
				<attrdef Sync="TRUE">Internal feature number.</attrdef>
				<attrdefs Sync="TRUE">Esri</attrdefs>
				<attrdomv>
					<udom Sync="TRUE">Sequential unique whole numbers that are automatically generated.</udom>
				</attrdomv>
			</attr>
			<attr>
				<attrlabl Sync="TRUE">Shape</attrlabl>
				<attalias Sync="TRUE">Shape</attalias>
				<attrtype Sync="TRUE">Geometry</attrtype>
				<attwidth Sync="TRUE">0</attwidth>
				<atprecis Sync="TRUE">0</atprecis>
				<attscale Sync="TRUE">0</attscale>
				<attrdef Sync="TRUE">Feature geometry.</attrdef>
				<attrdefs Sync="TRUE">Esri</attrdefs>
				<attrdomv>
					<udom Sync="TRUE">Coordinates defining the features.</udom>
				</attrdomv>
			</attr>
			<attr>
				<attrlabl Sync="TRUE">NPC</attrlabl>
				<attalias Sync="TRUE">NPC</attalias>
				<attrtype Sync="TRUE">String</attrtype>
				<attwidth Sync="TRUE">150</attwidth>
				<atprecis Sync="TRUE">0</atprecis>
				<attscale Sync="TRUE">0</attscale>
			</attr>
			<attr>
				<attrlabl Sync="TRUE">NPC_code</attrlabl>
				<attalias Sync="TRUE">NPC_code</attalias>
				<attrtype Sync="TRUE">String</attrtype>
				<attwidth Sync="TRUE">15</attwidth>
				<atprecis Sync="TRUE">0</atprecis>
				<attscale Sync="TRUE">0</attscale>
			</attr>
			<attr>
				<attrlabl Sync="TRUE">NPC_descri</attrlabl>
				<attalias Sync="TRUE">NPC_descri</attalias>
				<attrtype Sync="TRUE">String</attrtype>
				<attwidth Sync="TRUE">125</attwidth>
				<atprecis Sync="TRUE">0</atprecis>
				<attscale Sync="TRUE">0</attscale>
			</attr>
			<attr>
				<attrlabl Sync="TRUE">condition_</attrlabl>
				<attalias Sync="TRUE">condition_</attalias>
				<attrtype Sync="TRUE">String</attrtype>
				<attwidth Sync="TRUE">10</attwidth>
				<atprecis Sync="TRUE">0</atprecis>
				<attscale Sync="TRUE">0</attscale>
			</attr>
			<attr>
				<attrlabl Sync="TRUE">system_cod</attrlabl>
				<attalias Sync="TRUE">system_cod</attalias>
				<attrtype Sync="TRUE">String</attrtype>
				<attwidth Sync="TRUE">10</attwidth>
				<atprecis Sync="TRUE">0</atprecis>
				<attscale Sync="TRUE">0</attscale>
			</attr>
			<attr>
				<attrlabl Sync="TRUE">system_des</attrlabl>
				<attalias Sync="TRUE">system_des</attalias>
				<attrtype Sync="TRUE">String</attrtype>
				<attwidth Sync="TRUE">150</attwidth>
				<atprecis Sync="TRUE">0</atprecis>
				<attscale Sync="TRUE">0</attscale>
			</attr>
			<attr>
				<attrlabl Sync="TRUE">floristic_</attrlabl>
				<attalias Sync="TRUE">floristic_</attalias>
				<attrtype Sync="TRUE">String</attrtype>
				<attwidth Sync="TRUE">50</attwidth>
				<atprecis Sync="TRUE">0</atprecis>
				<attscale Sync="TRUE">0</attscale>
			</attr>
			<attr>
				<attrlabl Sync="TRUE">floristic1</attrlabl>
				<attalias Sync="TRUE">floristic1</attalias>
				<attrtype Sync="TRUE">String</attrtype>
				<attwidth Sync="TRUE">250</attwidth>
				<atprecis Sync="TRUE">0</atprecis>
				<attscale Sync="TRUE">0</attscale>
			</attr>
			<attr>
				<attrlabl Sync="TRUE">class_code</attrlabl>
				<attalias Sync="TRUE">class_code</attalias>
				<attrtype Sync="TRUE">String</attrtype>
				<attwidth Sync="TRUE">10</attwidth>
				<atprecis Sync="TRUE">0</atprecis>
				<attscale Sync="TRUE">0</attscale>
			</attr>
			<attr>
				<attrlabl Sync="TRUE">class_desc</attrlabl>
				<attalias Sync="TRUE">class_desc</attalias>
				<attrtype Sync="TRUE">String</attrtype>
				<attwidth Sync="TRUE">250</attwidth>
				<atprecis Sync="TRUE">0</atprecis>
				<attscale Sync="TRUE">0</attscale>
			</attr>
			<attr>
				<attrlabl Sync="TRUE">s_rank_des</attrlabl>
				<attalias Sync="TRUE">s_rank_des</attalias>
				<attrtype Sync="TRUE">String</attrtype>
				<attwidth Sync="TRUE">100</attwidth>
				<atprecis Sync="TRUE">0</atprecis>
				<attscale Sync="TRUE">0</attscale>
			</attr>
			<attr>
				<attrlabl Sync="TRUE">s_rank_cod</attrlabl>
				<attalias Sync="TRUE">s_rank_cod</attalias>
				<attrtype Sync="TRUE">String</attrtype>
				<attwidth Sync="TRUE">25</attwidth>
				<atprecis Sync="TRUE">0</atprecis>
				<attscale Sync="TRUE">0</attscale>
			</attr>
			<attr>
				<attrlabl Sync="TRUE">biodiversi</attrlabl>
				<attalias Sync="TRUE">biodiversi</attalias>
				<attrtype Sync="TRUE">String</attrtype>
				<attwidth Sync="TRUE">25</attwidth>
				<atprecis Sync="TRUE">0</atprecis>
				<attscale Sync="TRUE">0</attscale>
			</attr>
			<attr>
				<attrlabl Sync="TRUE">observer_1</attrlabl>
				<attalias Sync="TRUE">observer_1</attalias>
				<attrtype Sync="TRUE">String</attrtype>
				<attwidth Sync="TRUE">150</attwidth>
				<atprecis Sync="TRUE">0</atprecis>
				<attscale Sync="TRUE">0</attscale>
			</attr>
			<attr>
				<attrlabl Sync="TRUE">observer_2</attrlabl>
				<attalias Sync="TRUE">observer_2</attalias>
				<attrtype Sync="TRUE">String</attrtype>
				<attwidth Sync="TRUE">150</attwidth>
				<atprecis Sync="TRUE">0</atprecis>
				<attscale Sync="TRUE">0</attscale>
			</attr>
			<attr>
				<attrlabl Sync="TRUE">observer_3</attrlabl>
				<attalias Sync="TRUE">observer_3</attalias>
				<attrtype Sync="TRUE">String</attrtype>
				<attwidth Sync="TRUE">150</attwidth>
				<atprecis Sync="TRUE">0</atprecis>
				<attscale Sync="TRUE">0</attscale>
			</attr>
			<attr>
				<attrlabl Sync="TRUE">observer_4</attrlabl>
				<attalias Sync="TRUE">observer_4</attalias>
				<attrtype Sync="TRUE">String</attrtype>
				<attwidth Sync="TRUE">100</attwidth>
				<atprecis Sync="TRUE">0</atprecis>
				<attscale Sync="TRUE">0</attscale>
			</attr>
			<attr>
				<attrlabl Sync="TRUE">observer_5</attrlabl>
				<attalias Sync="TRUE">observer_5</attalias>
				<attrtype Sync="TRUE">String</attrtype>
				<attwidth Sync="TRUE">100</attwidth>
				<atprecis Sync="TRUE">0</atprecis>
				<attscale Sync="TRUE">0</attscale>
			</attr>
			<attr>
				<attrlabl Sync="TRUE">observer_6</attrlabl>
				<attalias Sync="TRUE">observer_6</attalias>
				<attrtype Sync="TRUE">String</attrtype>
				<attwidth Sync="TRUE">100</attwidth>
				<atprecis Sync="TRUE">0</atprecis>
				<attscale Sync="TRUE">0</attscale>
			</attr>
			<attr>
				<attrlabl Sync="TRUE">observer_7</attrlabl>
				<attalias Sync="TRUE">observer_7</attalias>
				<attrtype Sync="TRUE">String</attrtype>
				<attwidth Sync="TRUE">254</attwidth>
				<atprecis Sync="TRUE">0</atprecis>
				<attscale Sync="TRUE">0</attscale>
			</attr>
			<attr>
				<attrlabl Sync="TRUE">observer_8</attrlabl>
				<attalias Sync="TRUE">observer_8</attalias>
				<attrtype Sync="TRUE">String</attrtype>
				<attwidth Sync="TRUE">254</attwidth>
				<atprecis Sync="TRUE">0</atprecis>
				<attscale Sync="TRUE">0</attscale>
			</attr>
			<attr>
				<attrlabl Sync="TRUE">observer_9</attrlabl>
				<attalias Sync="TRUE">observer_9</attalias>
				<attrtype Sync="TRUE">String</attrtype>
				<attwidth Sync="TRUE">254</attwidth>
				<atprecis Sync="TRUE">0</atprecis>
				<attscale Sync="TRUE">0</attscale>
			</attr>
			<attr>
				<attrlabl Sync="TRUE">observatio</attrlabl>
				<attalias Sync="TRUE">observatio</attalias>
				<attrtype Sync="TRUE">Integer</attrtype>
				<attwidth Sync="TRUE">10</attwidth>
				<atprecis Sync="TRUE">10</atprecis>
				<attscale Sync="TRUE">0</attscale>
			</attr>
			<attr>
				<attrlabl Sync="TRUE">submitted_</attrlabl>
				<attalias Sync="TRUE">submitted_</attalias>
				<attrtype Sync="TRUE">String</attrtype>
				<attwidth Sync="TRUE">150</attwidth>
				<atprecis Sync="TRUE">0</atprecis>
				<attscale Sync="TRUE">0</attscale>
			</attr>
			<attr>
				<attrlabl Sync="TRUE">admin_dnr_</attrlabl>
				<attalias Sync="TRUE">admin_dnr_</attalias>
				<attrtype Sync="TRUE">String</attrtype>
				<attwidth Sync="TRUE">150</attwidth>
				<atprecis Sync="TRUE">0</atprecis>
				<attscale Sync="TRUE">0</attscale>
			</attr>
			<attr>
				<attrlabl Sync="TRUE">collection</attrlabl>
				<attalias Sync="TRUE">collection</attalias>
				<attrtype Sync="TRUE">String</attrtype>
				<attwidth Sync="TRUE">150</attwidth>
				<atprecis Sync="TRUE">0</atprecis>
				<attscale Sync="TRUE">0</attscale>
			</attr>
			<attr>
				<attrlabl Sync="TRUE">photo_year</attrlabl>
				<attalias Sync="TRUE">photo_year</attalias>
				<attrtype Sync="TRUE">Integer</attrtype>
				<attwidth Sync="TRUE">10</attwidth>
				<atprecis Sync="TRUE">10</atprecis>
				<attscale Sync="TRUE">0</attscale>
			</attr>
			<attr>
				<attrlabl Sync="TRUE">photo_type</attrlabl>
				<attalias Sync="TRUE">photo_type</attalias>
				<attrtype Sync="TRUE">String</attrtype>
				<attwidth Sync="TRUE">254</attwidth>
				<atprecis Sync="TRUE">0</atprecis>
				<attscale Sync="TRUE">0</attscale>
			</attr>
			<attr>
				<attrlabl Sync="TRUE">comment</attrlabl>
				<attalias Sync="TRUE">comment</attalias>
				<attrtype Sync="TRUE">String</attrtype>
				<attwidth Sync="TRUE">254</attwidth>
				<atprecis Sync="TRUE">0</atprecis>
				<attscale Sync="TRUE">0</attscale>
			</attr>
			<attr>
				<attrlabl Sync="TRUE">gis_acres</attrlabl>
				<attalias Sync="TRUE">gis_acres</attalias>
				<attrtype Sync="TRUE">Double</attrtype>
				<attwidth Sync="TRUE">19</attwidth>
				<atprecis Sync="TRUE">0</atprecis>
				<attscale Sync="TRUE">0</attscale>
			</attr>
			<attr>
				<attrlabl Sync="TRUE">Shape_Leng</attrlabl>
				<attalias Sync="TRUE">Shape_Leng</attalias>
				<attrtype Sync="TRUE">Double</attrtype>
				<attwidth Sync="TRUE">19</attwidth>
				<atprecis Sync="TRUE">0</atprecis>
				<attscale Sync="TRUE">0</attscale>
			</attr>
			<attr>
				<attrlabl Sync="TRUE">Shape_Area</attrlabl>
				<attalias Sync="TRUE">Shape_Area</attalias>
				<attrtype Sync="TRUE">Double</attrtype>
				<attwidth Sync="TRUE">19</attwidth>
				<atprecis Sync="TRUE">0</atprecis>
				<attscale Sync="TRUE">0</attscale>
				<attrdef Sync="TRUE">Area of feature in internal units squared.</attrdef>
				<attrdefs Sync="TRUE">Esri</attrdefs>
				<attrdomv>
					<udom Sync="TRUE">Positive real numbers that are automatically generated.</udom>
				</attrdomv>
			</attr>
		</detailed>
	</eainfo>
	<mdDateSt Sync="TRUE">20170714</mdDateSt>
</metadata>
